{"cameraMode":{"drawMode":0,"name":"Shaded","section":"Shading Mode"},"sceneLighting":true,"audioPlay":false,"sceneViewState":{"showFog":false,"showMaterialUpdate":false,"showSkybox":false,"showFlares":false,"showImageEffects":false,"showParticleSystems":false},"in2DMode":false,"pivot":{"x":6.115291595458984,"y":-14.739363670349121,"z":-2.0008749961853029},"rotation":{"x":-0.032553743571043017,"y":-0.44222602248191836,"z":0.016064656898379327,"w":-0.8961716294288635},"size":12.384760856628418,"orthographic":false}