{"cameraMode":{"drawMode":0,"name":"Shaded","section":"Shading Mode"},"sceneLighting":true,"audioPlay":false,"sceneViewState":{"showFog":false,"showMaterialUpdate":false,"showSkybox":false,"showFlares":false,"showImageEffects":false,"showParticleSystems":false},"in2DMode":false,"pivot":{"x":192.22378540039063,"y":-287.48138427734377,"z":98.1911392211914},"rotation":{"x":-0.32295429706573489,"y":-0.08728446811437607,"z":0.029927754774689676,"w":-0.9419121146202087},"size":1203.630859375,"orthographic":false}