{"cameraMode":{"drawMode":31,"name":"Sprite Mask","section":"Miscellaneous"},"sceneLighting":true,"audioPlay":false,"sceneViewState":{"showFog":true,"showMaterialUpdate":false,"showSkybox":true,"showFlares":true,"showImageEffects":true,"showParticleSystems":true},"in2DMode":false,"pivot":{"x":-16.291000366210939,"y":-56.019989013671878,"z":-122.47906494140625},"rotation":{"x":-0.05562800168991089,"y":0.07391471415758133,"z":-0.004129715263843536,"w":-0.9957073330879211},"size":317.2806091308594,"orthographic":false}