{"cameraMode":{"drawMode":31,"name":"Sprite Mask","section":"Miscellaneous"},"sceneLighting":true,"audioPlay":false,"sceneViewState":{"showFog":true,"showMaterialUpdate":false,"showSkybox":true,"showFlares":true,"showImageEffects":true,"showParticleSystems":true},"in2DMode":false,"pivot":{"x":-156.29937744140626,"y":-18.671741485595704,"z":-139.15069580078126},"rotation":{"x":-0.05562800168991089,"y":0.07391471415758133,"z":-0.004129715263843536,"w":-0.9957073330879211},"size":541.8168334960938,"orthographic":false}