{"cameraMode":{"drawMode":0,"name":"Shaded","section":"Shading Mode"},"sceneLighting":true,"audioPlay":false,"sceneViewState":{"showFog":true,"showMaterialUpdate":false,"showSkybox":true,"showFlares":true,"showImageEffects":true,"showParticleSystems":true},"in2DMode":false,"pivot":{"x":-3.507115364074707,"y":3.5609958171844484,"z":7.861358642578125},"rotation":{"x":-0.033252935856580737,"y":0.6501450538635254,"z":-0.02850089594721794,"w":-0.7585471272468567},"size":10.0,"orthographic":false}